{"cameraMode":{"drawMode":0,"name":"Shaded","section":"Shading Mode"},"sceneLighting":true,"audioPlay":false,"sceneViewState":{"showFog":false,"showMaterialUpdate":false,"showSkybox":false,"showFlares":false,"showImageEffects":false,"showParticleSystems":false},"in2DMode":false,"pivot":{"x":-0.6003673076629639,"y":0.8694466352462769,"z":2.2141518592834474},"rotation":{"x":-0.05523611977696419,"y":0.8207173347473145,"z":-0.08053097128868103,"w":-0.5629287362098694},"size":15.114544868469239,"orthographic":false}